acteurs,date,descriptions,duree,genre,langue,pays,public,realisateur,score,titre,titre_original,url_image
,,,,,,,,,,Il était une fois dans l'Ouest,,
,,,,,,,,,,Il était une fois en Amérique,,
,,,,,,,,,,"Le Bon, la brute et le truand",,
,,,,,,,,,,Pulp Fiction,,
,,,,,,,,,,Interstellar,,
,,,,,,,,,,Gladiator,,
,,,,,,,,,,Le Seigneur des anneaux : la communauté de l'anneau,,
,,,,,,,,,,Django Unchained,,
,,,,,,,,,,Le Seigneur des anneaux : les deux tours,,
,,,,,,,,,,Seven,,
,,,,,,,,,,Gran Torino,,
,,,,,,,,,,Star Wars : Episode V - L'Empire contre-attaque,,
,,,,,,,,,,Le Dictateur,,
,,,,,,,,,,Les Affranchis,,
,,,,,,,,,,Parasite,,
,,,,,,,,,,Inception,,
,,,,,,,,,,"The Dark Knight, Le Chevalier Noir",,
,,,,,,,,,,Le Roi Lion,,
,,,,,,,,,,Vol au-dessus d'un nid de coucou,,
,,,,,,,,,,Le Seigneur des anneaux : le retour du roi,,
,,,,,,,,,,Les Evadés,,
,,,,,,,,,,Le Parrain,,
,,,,,,,,,,12 hommes en colère,,
,,,,,,,,,,La Ligne verte,,
,,,,,,,,,,La Liste de Schindler,,
,,,,,,,,,,Forrest Gump,,
,,,,,,,,,,Coco,,
,,,,,,,,,,"Le Parrain, 2e partie",,
,,,,,,,,,,Your Name,,
,,,,,,,,,,Fight Club,,
